# CBS NPHC 2021 (prov,dist,gapa) -> 8-digit federal_code crosswalk.
# Generated by scrapers/cbs_nphc/generate_crosswalk.py — do not hand-edit.
# Sources: MoF Fiscal Transfer_2082_82.xlsx Sheet2 (federal codes) +
# CBS Hhld05_FloorOfHouse.csv (753 reference triples). See the
# generator module docstring for the within-district matching ladder.
prov,dist,gapa,federal_code,name_en
1,1,1,80101302,Phaktanglung Rural Municipality
1,1,2,80101303,Mikwakhola Rural Municipality
1,1,3,80101304,Meringden Rural Municipality
1,1,4,80101305,Maiwakhola Rural Municipality
1,1,5,80101301,Aathrai Tribeni Rural Municipality
1,1,6,80101101,Phungling Municipality
1,1,7,80101306,Pathibhara Yangwarak Rural Municipality
1,1,8,80101308,Sirijangha Rural Municipality
1,1,9,80101307,Sidingwa Rural Municipality
1,2,1,80101330,Bhotkhola Rural Municipality
1,2,2,80101331,Makalu Rural Municipality
1,2,3,80101333,Silichong Rural Municipality
1,2,4,80101329,Chichila Rural Municipality
1,2,5,80101332,Sabhapokhari Rural Municipality
1,2,6,80101115,Khandbari Municipality
1,2,7,80101118,Panchkhapan Municipality
1,2,8,80101116,Chainpur Municipality
1,2,9,80101119,Madi Municipality
1,2,10,80101117,Dharmadevi Municipality
1,3,1,80101363,Khumbu Pasang Lhamu Rural Municipality
1,3,2,80101367,Mahakulung Rural Municipality
1,3,3,80101369,Sotang Rural Municipality
1,3,4,80101364,Mapya Dudhkoshi Rural Municipality
1,3,5,80101365,Thulung Dudhkoshi Rural Municipality
1,3,6,80101366,Nechasalyan Rural Municipality
1,3,7,80101139,Solududhkunda Municipality
1,3,8,80101368,Likhupike Rural Municipality
1,4,1,80101384,Chisankhugadhi Rural Municipality
1,4,2,80101146,Siddhicharan Municipality
1,4,3,80101386,Molung Rural Municipality
1,4,4,80101382,Khijidemba Rural Municipality
1,4,5,80101387,Likhu Rural Municipality
1,4,6,80101383,Champadevi Rural Municipality
1,4,7,80101388,Sunkoshi Rural Municipality
1,4,8,80101385,Manebhanjyang Rural Municipality
1,5,1,80101371,Kepilasgadhi Rural Municipality
1,5,2,80101370,Aiselukharka Rural Municipality
1,5,3,80101375,Rawabesi Rural Municipality
1,5,4,80101141,Halesi Tuwachung Municipality
1,5,5,80101140,Diktel Rupakot Majhuwagadhi Municipality
1,5,6,80101377,Sakela Rural Municipality
1,5,7,80101374,Diprung Chuichumma Rural Municipality
1,5,8,80101372,Khotehang Rural Municipality
1,5,9,80101373,Jantedhunga Rural Municipality
1,5,10,80101376,Barahapokhari Rural Municipality
1,6,1,80101123,Shadananda Municipality
1,6,2,80101343,Salpasilichho Rural Municipality
1,6,3,80101340,Tyamkemaiyung Rural Municipality
1,6,4,80101122,Bhojpur Municipality
1,6,5,80101338,Arun Rural Municipality
1,6,6,80101341,Pauwadungma Rural Municipality
1,6,7,80101342,Ramprasad Rai Rural Municipality
1,6,8,80101344,Hatuwagadhi Rural Municipality
1,6,9,80101339,Aamchok Rural Municipality
1,7,1,80101126,Mahalaxmi Municipality
1,7,2,80101125,Pakhribas Municipality
1,7,3,80101347,Chhathar Jorpati Rural Municipality
1,7,4,80101124,Dhankuta Municipality
1,7,5,80101345,Shahidbhumi Rural Municipality
1,7,6,80101348,Sangurigadhi Rural Municipality
1,7,7,80101346,Chaubise Rural Municipality
1,8,1,80101334,Aathrai Rural Municipality
1,8,2,80101336,Phedap Rural Municipality
1,8,3,80101337,Menchhayayem Rural Municipality
1,8,4,80101120,Myanglung Municipality
1,8,5,80101121,Laligurans Municipality
1,8,6,80101335,Chhathar Rural Municipality
1,9,1,80101314,Yangwarak Rural Municipality
1,9,2,80101315,Hilihang Rural Municipality
1,9,3,80101311,Phalelung Rural Municipality
1,9,4,80101102,Phidim Municipality
1,9,5,80101312,Phalgunanda Rural Municipality
1,9,6,80101309,Kummayak Rural Municipality
1,9,7,80101310,Tumbewa Rural Municipality
1,9,8,80101313,Miklajung Rural Municipality
1,10,1,80101318,Maijogmai Rural Municipality
1,10,2,80101321,Sandakpur Rural Municipality
1,10,3,80101103,Ilam Municipality
1,10,4,80101104,Deumai Municipality
1,10,5,80101317,Phakphokthum Rural Municipality
1,10,6,80101319,Mangsebung Rural Municipality
1,10,7,80101316,Chulachuli Rural Municipality
1,10,8,80101105,Mai Municipality
1,10,9,80101106,Suryodaya Municipality
1,10,10,80101320,Rong Rural Municipality
1,11,1,80101113,Mechinagar Municipality
1,11,2,80101327,Buddhashanti Rural Municipality
1,11,3,80101107,Arjundhara Municipality
1,11,4,80101108,Kankai Municipality
1,11,5,80101114,Shivasataxi Municipality
1,11,6,80101323,Kamal Rural Municipality
1,11,7,80101110,Damak Municipality
1,11,8,80101109,Gauradaha Municipality
1,11,9,80101324,Gauriganj Rural Municipality
1,11,10,80101325,Jhapa Rural Municipality
1,11,11,80101326,Barhadashi Rural Municipality
1,11,12,80101111,Birtamod Municipality
1,11,13,80101328,Haldivari Rural Municipality
1,11,14,80101112,Bhadrapur Municipality
1,11,15,80101322,Kachankawal Rural Municipality
1,12,1,80101362,Miklajung Rural Municipality
1,12,2,80101136,Letang Municipality
1,12,3,80101357,Kerabari Rural Municipality
1,12,4,80101138,Sundarharaicha Municipality
1,12,5,80101133,Belbari Municipality
1,12,6,80101356,Kanepokhari Rural Municipality
1,12,7,80101132,Pathari Shanishchare Municipality
1,12,8,80101131,Urlabari Municipality
1,12,9,80101135,Ratuwamai Municipality
1,12,10,80101137,Sunbarshi Municipality
1,12,11,80101134,Rangeli Municipality
1,12,12,80101358,Gramthan Rural Municipality
1,12,13,80101361,Budhiganga Rural Municipality
1,12,14,80101011,Biratnagar Metropolitan City
1,12,15,80101355,Katahari Rural Municipality
1,12,16,80101360,Dhanpalthan Rural Municipality
1,12,17,80101359,Jahada Rural Municipality
1,13,1,80101032,Dharan Sub-Metropolitan City
1,13,2,80101129,Barahachhetra Municipality
1,13,3,80101349,Koshi Rural Municipality
1,13,4,80101353,Bhokaha Narsingh Rural Municipality
1,13,5,80101130,Ramdhuni Municipality
1,13,6,80101031,Itahari Sub-Metropolitan City
1,13,7,80101128,Duhabi Municipality
1,13,8,80101350,Gadhi Rural Municipality
1,13,9,80101127,Inaruwa Municipality
1,13,10,80101354,Harinagar Rural Municipality
1,13,11,80101351,Dewanganj Rural Municipality
1,13,12,80101352,Barju Rural Municipality
1,14,1,80101145,Belaka Municipality
1,14,2,80101143,Chaudandigadhi Municipality
1,14,3,80101144,Triyuga Municipality
1,14,4,80101380,Rautamai Rural Municipality
1,14,5,80101381,Limchungbung Rural Municipality
1,14,6,80101379,Tapli Rural Municipality
1,14,7,80101142,Katari Municipality
1,14,8,80101378,Udayapurgadhi Rural Municipality
2,15,1,80102109,Saptakoshi Municipality
2,15,2,80102101,Kanchanrup Municipality
2,15,3,80102301,Agnisair Krishna Savaran Rural Municipality
2,15,4,80102308,Rupani Rural Municipality
2,15,5,80102106,Shambhunath Municipality
2,15,6,80102102,Khadak Municipality
2,15,7,80102107,Surunga Municipality
2,15,8,80102351,Balan-Bihul Rural Municipality
2,15,9,80102105,Bodebarsain Municipality
2,15,10,80102103,Dakneshwari Municipality
2,15,11,80102306,Rajgadh Rural Municipality
2,15,12,80102305,Bishnupur Rural Municipality
2,15,13,80102104,Rajbiraj Municipality
2,15,14,80102307,Mahadeva Rural Municipality
2,15,15,80102303,Tirhut Rural Municipality
2,15,16,80102108,Hanumannagar Kankalini Municipality
2,15,17,80102304,Tilathi Koiladi Rural Municipality
2,15,18,80102302,Chhinnamasta Rural Municipality
2,16,1,80102114,Lahan Municipality
2,16,2,80102112,Dhangadhimai Municipality
2,16,3,80102111,Golbazar Municipality
2,16,4,80102113,Mirchaiya Municipality
2,16,5,80102117,Karjanha Municipality
2,16,6,80102110,Kalyanpur Municipality
2,16,7,80102311,Naraha Rural Municipality
2,16,8,80102316,Bishnupur Rural Municipality
2,16,9,80102309,Arnama Rural Municipality
2,16,10,80102116,Sukhipur Municipality
2,16,11,80102315,Laxmipur Patari Rural Municipality
2,16,12,80102317,Sakhuwanankarkatti Rural Municipality
2,16,13,80102314,Bhagawanpur Rural Municipality
2,16,14,80102312,Navarajpur Rural Municipality
2,16,15,80102313,Bariarpatti Rural Municipality
2,16,16,80102310,Aurahi Rural Municipality
2,16,17,80102115,Siraha Municipality
2,17,1,80102119,Ganeshman Charnath Municipality
2,17,2,80102120,Dhanushadham Municipality
2,17,3,80102122,Mithila Municipality
2,17,4,80102320,Bateshwar Rural Municipality
2,17,5,80102118,Kshireshwarnath Municipality
2,17,6,80102322,Laxminiya Rural Municipality
2,17,7,80102127,Mithila Bihari Municipality
2,17,8,80102128,Hanspur Municipality
2,17,9,80102124,Sabaila Municipality
2,17,10,80102125,Shahidnagar Municipality
2,17,11,80102126,Kamala Municipality
2,17,12,80102319,Janaknandini Rural Municipality
2,17,13,80102123,Bideha Municipality
2,17,14,80102318,Aurahi Rural Municipality
2,17,15,80102031,Janakpurdham Sub-Metropolitan City
2,17,16,80102352,Dhanauji Rural Municipality
2,17,17,80102121,Nagarain Municipality
2,17,18,80102321,Mukhiyapatti Musharniya Rural Municipality
2,18,1,80102131,Bardibas Municipality
2,18,2,80102129,Gaushala Municipality
2,18,3,80102327,Sonama Rural Municipality
2,18,4,80102132,Aurahi Municipality
2,18,5,80102134,Bhangaha Municipality
2,18,6,80102138,Loharpatti Municipality
2,18,7,80102133,Balawa Municipality
2,18,8,80102137,Ramgopalpur Municipality
2,18,9,80102326,Samsi Rural Municipality
2,18,10,80102136,Manara Siswa Municipality
2,18,11,80102323,Ekdara Rural Municipality
2,18,12,80102325,Mahottari Rural Municipality
2,18,13,80102324,Pipra Rural Municipality
2,18,14,80102135,Matihani Municipality
2,18,15,80102130,Jaleshwar Municipality
2,19,1,80102142,Lalbandi Municipality
2,19,2,80102147,Harivan Municipality
2,19,3,80102145,Bagmati Municipality
2,19,4,80102143,Barahathwa Municipality
2,19,5,80102146,Haripur Municipality
2,19,6,80102139,Ishwarpur Municipality
2,19,7,80102148,Haripurwa Municipality
2,19,8,80102355,Parsa Rural Municipality
2,19,9,80102331,Brahmapuri Rural Municipality
2,19,10,80102329,Chandranagar Rural Municipality
2,19,11,80102149,Kabilasi Municipality
2,19,12,80102328,Chakraghatta Rural Municipality
2,19,13,80102353,Basbariya Rural Municipality
2,19,14,80102330,Dhankaul Rural Municipality
2,19,15,80102332,Ramnagar Rural Municipality
2,19,16,80102144,Balara Municipality
2,19,17,80102140,Godaita Municipality
2,19,18,80102333,Bishnu Rural Municipality
2,19,19,80102354,Kaudena Rural Municipality
2,19,20,80102141,Malangwa Municipality
2,20,1,80102152,Chandrapur Municipality
2,20,2,80102156,Gujara Municipality
2,20,3,80102159,Phatuwa Bijayapur Municipality
2,20,4,80102154,Katahariya Municipality
2,20,5,80102164,Brindaban Municipality
2,20,6,80102155,Gadhimai Municipality
2,20,7,80102161,Madhav Narayan Municipality
2,20,8,80102150,Garuda Municipality
2,20,9,80102157,Dewahi Gonahi Municipality
2,20,10,80102162,Maulapur Municipality
2,20,11,80102160,Baudhimai Municipality
2,20,12,80102158,Paroha Municipality
2,20,13,80102163,Rajpur Municipality
2,20,14,80102356,Yamunamai Rural Municipality
2,20,15,80102334,Durgabhagwati Rural Municipality
2,20,16,80102171,Rajdevi Municipality
2,20,17,80102151,Gaur Municipality
2,20,18,80102153,Ishanath Municipality
2,21,1,80102166,Nijgadh Municipality
2,21,2,80102165,Kolhabi Municipality
2,21,3,80102033,Jitpur Simara Sub-Metropolitan City
2,21,4,80102338,Parwanipur Rural Municipality
2,21,5,80102339,Prasauni Rural Municipality
2,21,6,80102357,Bishrampur Rural Municipality
2,21,7,80102340,Pheta Rural Municipality
2,21,8,80102032,Kalaiya Sub-Metropolitan City
2,21,9,80102336,Karaiyamai Rural Municipality
2,21,10,80102341,Baragadhi Rural Municipality
2,21,11,80102335,Adarsha Kotwal Rural Municipality
2,21,12,80102168,Simraungadh Municipality
2,21,13,80102169,Pacharauta Municipality
2,21,14,80102167,Mahagadhimai Municipality
2,21,15,80102337,Devtal Rural Municipality
2,21,16,80102342,Suwarna Rural Municipality
2,22,1,80102350,Thori Rural Municipality
2,22,2,80102359,Jirabhawani Rural Municipality
2,22,3,80102344,Jagarnathpur Rural Municipality
2,22,4,80102347,Paterwa Sugauli Rural Municipality
2,22,5,80102349,Sakhuwa Prasauni Rural Municipality
2,22,6,80102172,Parsagadhi Municipality
2,22,7,80102011,Birgunj Metropolitan City
2,22,8,80102173,Bahudarmai Municipality
2,22,9,80102170,Pokhariya Municipality
2,22,10,80102358,Kalikamai Rural Municipality
2,22,11,80102345,Dhobini Rural Municipality
2,22,12,80102343,Chhipaharmai Rural Municipality
2,22,13,80102346,Pakaha Mainpur Rural Municipality
2,22,14,80102348,Bindabasini Rural Municipality
3,23,1,80103315,Gaurishankar Rural Municipality
3,23,2,80103319,Bigu Rural Municipality
3,23,3,80103314,Kalinchok Rural Municipality
3,23,4,80103317,Baiteshwar Rural Municipality
3,23,5,80103105,Jiri Municipality
3,23,6,80103316,Tamakoshi Rural Municipality
3,23,7,80103318,Melung Rural Municipality
3,23,8,80103320,Sailung Rural Municipality
3,23,9,80103106,Bhimeshwar Municipality
3,24,1,80103326,Bhotekoshi Rural Municipality
3,24,2,80103322,Jugal Rural Municipality
3,24,3,80103324,Panchpokhari Thangpal Rural Municipality
3,24,4,80103329,Helambu Rural Municipality
3,24,5,80103108,Melamchi Municipality
3,24,6,80103321,Indrawati Rural Municipality
3,24,7,80103107,Chautara Sangachokgadhi Municipality
3,24,8,80103325,Balephi Rural Municipality
3,24,9,80103109,Barhabise Municipality
3,24,10,80103323,Tripurasundari Rural Municipality
3,24,11,80103327,Lisankhu Pakhar Rural Municipality
3,24,12,80103328,Sunkoshi Rural Municipality
3,25,1,80103332,Gosaikunda Rural Municipality
3,25,2,80103334,Amachodingmo Rural Municipality
3,25,3,80103330,Uttargaya Rural Municipality
3,25,4,80103331,Kalika Rural Municipality
3,25,5,80103333,Naukunda Rural Municipality
3,26,1,80103344,Ruby Valley Rural Municipality
3,26,2,80103335,Khaniyabas Rural Municipality
3,26,3,80103336,Gangajamuna Rural Municipality
3,26,4,80103340,Tripurasundari Rural Municipality
3,26,5,80103342,Netrawati Dabjong Rural Municipality
3,26,6,80103111,Nilkantha Municipality
3,26,7,80103339,Jwalamukhi Rural Municipality
3,26,8,80103345,Siddhalek Rural Municipality
3,26,9,80103343,Benighat Rorang Rural Municipality
3,26,10,80103337,Gajuri Rural Municipality
3,26,11,80103338,Galchhi Rural Municipality
3,26,12,80103341,Thakre Rural Municipality
3,26,13,80103110,Dhunibesi Municipality
3,27,1,80103350,Dupcheshwar Rural Municipality
3,27,2,80103348,Tadi Rural Municipality
3,27,3,80103355,Suryagadhi Rural Municipality
3,27,4,80103112,Bidur Municipality
3,27,5,80103347,Kispang Rural Municipality
3,27,6,80103352,Myagang Rural Municipality
3,27,7,80103349,Tarakeshwor Rural Municipality
3,27,8,80103113,Belkotgadhi Municipality
3,27,9,80103353,Likhu Rural Municipality
3,27,10,80103351,Panchakanya Rural Municipality
3,27,11,80103354,Shivapuri Rural Municipality
3,27,12,80103346,Kakani Rural Municipality
3,28,1,80103123,Shankharapur Municipality
3,28,2,80103114,Kageshwari Manohara Municipality
3,28,3,80103116,Gokarneshwor Municipality
3,28,4,80103122,Budhanilkantha Municipality
3,28,5,80103118,Tokha Municipality
3,28,6,80103119,Tarakeshwar Municipality
3,28,7,80103121,Nagarjun Municipality
3,28,8,80103011,Kathmandu Metropolitan City
3,28,9,80103115,Kirtipur Municipality
3,28,10,80103117,Chandragiri Municipality
3,28,11,80103120,Dakshinkali Municipality
3,29,1,80103126,Changunarayan Municipality
3,29,2,80103127,Bhaktapur Municipality
3,29,3,80103128,Madhyapur Thimi Municipality
3,29,4,80103129,Suryabinayak Municipality
3,30,1,80103125,Mahalaxmi Municipality
3,30,2,80103012,Lalitpur Metropolitan City
3,30,3,80103124,Godawari Municipality
3,30,4,80103356,Konjyosom Rural Municipality
3,30,5,80103358,Mahankal Rural Municipality
3,30,6,80103357,Bagmati Rural Municipality
3,31,1,80103360,Chaurideurali Rural Municipality
3,31,2,80103363,Bhumlu Rural Municipality
3,31,3,80103135,Mandandeupur Municipality
3,31,4,80103134,Banepa Municipality
3,31,5,80103130,Dhulikhel Municipality
3,31,6,80103133,Panchkhal Municipality
3,31,7,80103361,Temal Rural Municipality
3,31,8,80103131,Namobuddha Municipality
3,31,9,80103132,Panauti Municipality
3,31,10,80103362,Bethanchok Rural Municipality
3,31,11,80103365,Roshi Rural Municipality
3,31,12,80103364,Mahabharat Rural Municipality
3,31,13,80103359,Khanikhola Rural Municipality
3,32,1,80103308,Umakunda Rural Municipality
3,32,2,80103310,Gokulganga Rural Municipality
3,32,3,80103312,Likhu Tamakoshi Rural Municipality
3,32,4,80103104,Ramechhap Municipality
3,32,5,80103103,Manthali Municipality
3,32,6,80103309,Khandadevi Rural Municipality
3,32,7,80103311,Doramba Rural Municipality
3,32,8,80103313,Sunapati Rural Municipality
3,33,1,80103102,Dudhauli Municipality
3,33,2,80103304,Phikkal Rural Municipality
3,33,3,80103303,Tinpatan Rural Municipality
3,33,4,80103301,Golanjor Rural Municipality
3,33,5,80103101,Kamalamai Municipality
3,33,6,80103306,Sunkoshi Rural Municipality
3,33,7,80103302,Ghyanglekh Rural Municipality
3,33,8,80103305,Marin Rural Municipality
3,33,9,80103307,Hariharpurgadhi Rural Municipality
3,34,1,80103366,Indrasarowar Rural Municipality
3,34,2,80103136,Thaha Municipality
3,34,3,80103367,Kailash Rural Municipality
3,34,4,80103373,Raksirang Rural Municipality
3,34,5,80103372,Manahari Rural Municipality
3,34,6,80103031,Hetauda Sub-Metropolitan City
3,34,7,80103370,Bhimfedi Rural Municipality
3,34,8,80103371,Makwanpurgadhi Rural Municipality
3,34,9,80103368,Bakaiya Rural Municipality
3,34,10,80103369,Bagmati Rural Municipality
3,35,1,80103141,Rapti Municipality
3,35,2,80103137,Kalika Municipality
3,35,3,80103374,Ichchhakamana Rural Municipality
3,35,4,80103013,Bharatpur Metropolitan City
3,35,5,80103140,Ratnanagar Municipality
3,35,6,80103138,Khairahani Municipality
3,35,7,80103139,Madi Municipality
4,36,1,80104320,Chumanuwri Rural Municipality
4,36,2,80104317,Ajirkot Rural Municipality
4,36,3,80104325,Barpak Sulikot Rural Municipality
4,36,4,80104321,Dharche Rural Municipality
4,36,5,80104318,Arughat Rural Municipality
4,36,6,80104322,Bhimsen Thapa Rural Municipality
4,36,7,80104324,Siranchok Rural Municipality
4,36,8,80104115,Palungtar Municipality
4,36,9,80104114,Gorkha Municipality
4,36,10,80104323,Shahid Lakhan Rural Municipality
4,36,11,80104319,Gandaki Rural Municipality
4,37,1,80104327,Narpa Bhumi Rural Municipality
4,37,2,80104329,Manang Disyang Rural Municipality
4,37,3,80104326,Chame Rural Municipality
4,37,4,80104328,Nason Rural Municipality
4,38,1,80104356,Lo-Ghekar Damodarkunda Rural Municipality
4,38,2,80104354,Gharpajhong Rural Municipality
4,38,3,80104358,Baragung Muktikshetra Rural Municipality
4,38,4,80104357,Lomanthang Rural Municipality
4,38,5,80104355,Thasang Rural Municipality
4,39,1,80104349,Annapurna Rural Municipality
4,39,2,80104353,Raghuganga Rural Municipality
4,39,3,80104350,Dhaulagiri Rural Municipality
4,39,4,80104352,Malika Rural Municipality
4,39,5,80104351,Mangala Rural Municipality
4,39,6,80104126,Beni Municipality
4,40,1,80104336,Madi Rural Municipality
4,40,2,80104335,Machhapuchhre Rural Municipality
4,40,3,80104334,Annapurna Rural Municipality
4,40,4,80104011,Pokhara Metropolitan City
4,40,5,80104337,Rupa Rural Municipality
4,41,1,80104332,Dordi Rural Municipality
4,41,2,80104333,Marsyangdi Rural Municipality
4,41,3,80104330,Kwholasothar Rural Municipality
4,41,4,80104117,Madhya Nepal Municipality
4,41,5,80104116,Besisahar Municipality
4,41,6,80104119,Sundarbazar Municipality
4,41,7,80104118,Rainas Municipality
4,41,8,80104331,Dudhpokhari Rural Municipality
4,42,1,80104110,Bhanu Municipality
4,42,2,80104112,Vyas Municipality
4,42,3,80104315,Myagde Rural Municipality
4,42,4,80104113,Shuklagandaki Municipality
4,42,5,80104111,Bhimad Municipality
4,42,6,80104313,Ghiring Rural Municipality
4,42,7,80104312,Rishing Rural Municipality
4,42,8,80104314,Devghat Rural Municipality
4,42,9,80104316,Bandipur Rural Municipality
4,42,10,80104311,Anbu Khaireni Rural Municipality
4,43,1,80104102,Gaidakot Municipality
4,43,2,80104302,Bulingtar Rural Municipality
4,43,3,80104301,Baudikali Rural Municipality
4,43,4,80104304,Hupsekot Rural Municipality
4,43,5,80104103,Devchuli Municipality
4,43,6,80104101,Kawasoti Municipality
4,43,7,80104104,Madhyabindu Municipality
4,43,8,80104303,Binayi Triveni Rural Municipality
4,44,1,80104107,Putalibazar Municipality
4,44,2,80104308,Phedikhola Rural Municipality
4,44,3,80104306,Aandhikhola Rural Municipality
4,44,4,80104305,Arjun Chaupari Rural Municipality
4,44,5,80104108,Bhirkot Municipality
4,44,6,80104309,Biruwa Rural Municipality
4,44,7,80104310,Harinas Rural Municipality
4,44,8,80104106,Chapakot Municipality
4,44,9,80104109,Waling Municipality
4,44,10,80104105,Galyang Municipality
4,44,11,80104307,Kaligandaki Rural Municipality
4,45,1,80104341,Modi Rural Municipality
4,45,2,80104338,Jaljala Rural Municipality
4,45,3,80104120,Kushma Municipality
4,45,4,80104121,Phalebas Municipality
4,45,5,80104340,Mahashila Rural Municipality
4,45,6,80104342,Bihadi Rural Municipality
4,45,7,80104339,Paiyun Rural Municipality
4,46,1,80104125,Baglung Municipality
4,46,2,80104343,Kathekhola Rural Municipality
4,46,3,80104345,Tarakhola Rural Municipality
4,46,4,80104344,Tamankhola Rural Municipality
4,46,5,80104124,Dhorpatan Municipality
4,46,6,80104346,Nisikhola Rural Municipality
4,46,7,80104347,Badigad Rural Municipality
4,46,8,80104122,Galkot Municipality
4,46,9,80104348,Bareng Rural Municipality
4,46,10,80104123,Jaimini Municipality
5,47,1,80105340,Putha Uttarganga Rural Municipality
5,47,2,80105342,Sisne Rural Municipality
5,47,3,80105341,Bhume Rural Municipality
5,48,1,80105350,Sunchhahari Rural Municipality
5,48,2,80105344,Thabang Rural Municipality
5,48,3,80105345,Paribartan Rural Municipality
5,48,4,80105349,Gangadev Rural Municipality
5,48,5,80105346,Madi Rural Municipality
5,48,6,80105343,Triveni Rural Municipality
5,48,7,80105122,Rolpa Municipality
5,48,8,80105347,Runtigadhi Rural Municipality
5,48,9,80105351,Sunil Smriti Rural Municipality
5,48,10,80105348,Lungri Rural Municipality
5,49,1,80105353,Gaumukhi Rural Municipality
5,49,2,80105355,Naubahini Rural Municipality
5,49,3,80105354,Jhimruk Rural Municipality
5,49,4,80105123,Pyuthan Municipality
5,49,5,80105124,Swargadwari Municipality
5,49,6,80105357,Mandavi Rural Municipality
5,49,7,80105356,Mallarani Rural Municipality
5,49,8,80105352,Airawati Rural Municipality
5,49,9,80105358,Sarumarani Rural Municipality
5,50,1,80105331,Kaligandaki Rural Municipality
5,50,2,80105339,Satyawati Rural Municipality
5,50,3,80105333,Chandrakot Rural Municipality
5,50,4,80105120,Musikot Municipality
5,50,5,80105330,Isma Rural Municipality
5,50,6,80105337,Malika Rural Municipality
5,50,7,80105336,Madane Rural Municipality
5,50,8,80105335,Dhurkot Rural Municipality
5,50,9,80105121,Resunga Municipality
5,50,10,80105332,Gulmi Darbar Rural Municipality
5,50,11,80105334,Chhatrakot Rural Municipality
5,50,12,80105338,Ruru Rural Municipality
5,51,1,80105319,Chhatradev Rural Municipality
5,51,2,80105321,Malarani Rural Municipality
5,51,3,80105115,Bhumikasthan Municipality
5,51,4,80105117,Sandhikharka Municipality
5,51,5,80105320,Panini Rural Municipality
5,51,6,80105116,Sitganga Municipality
5,52,1,80105119,Rampur Municipality
5,52,2,80105324,Purbakhola Rural Municipality
5,52,3,80105327,Rambha Rural Municipality
5,52,4,80105325,Bagnaskali Rural Municipality
5,52,5,80105118,Tansen Municipality
5,52,6,80105328,Ribdikot Rural Municipality
5,52,7,80105329,Rainadevi Chhahara Rural Municipality
5,52,8,80105322,Tinau Rural Municipality
5,52,9,80105326,Mathagadhi Rural Municipality
5,52,10,80105323,Nisdi Rural Municipality
5,53,1,80105101,Bardaghat Municipality
5,53,2,80105103,Sunwal Municipality
5,53,3,80105102,Ramgram Municipality
5,53,4,80105302,Palhinandan Rural Municipality
5,53,5,80105304,Sarawal Rural Municipality
5,53,6,80105303,Pratappur Rural Municipality
5,53,7,80105301,Susta Rural Municipality
5,54,1,80105105,Devdaha Municipality
5,54,2,80105031,Butwal Sub-Metropolitan City
5,54,3,80105108,Sainamaina Municipality
5,54,4,80105306,Kanchan Rural Municipality
5,54,5,80105308,Gaidahawa Rural Municipality
5,54,6,80105312,Shuddhodhan Rural Municipality
5,54,7,80105314,Siyari Rural Municipality
5,54,8,80105104,Tilottama Municipality
5,54,9,80105305,Omsatiya Rural Municipality
5,54,10,80105311,Rohini Rural Municipality
5,54,11,80105107,Siddharthanagar Municipality
5,54,12,80105310,Mayadevi Rural Municipality (Rupandehi)
5,54,13,80105106,Lumbini Cultural Municipality
5,54,14,80105307,Kotahimai Rural Municipality
5,54,15,80105313,Sammarimai Rural Municipality
5,54,16,80105309,Marchawari Rural Municipality
5,55,1,80105111,Banganga Municipality
5,55,2,80105112,Buddhabhumi Municipality
5,55,3,80105114,Shivaraj Municipality
5,55,4,80105317,Bijayanagar Rural Municipality
5,55,5,80105110,Krishnanagar Municipality
5,55,6,80105113,Maharajgunj Municipality
5,55,7,80105109,Kapilvastu Municipality
5,55,8,80105316,Yasodhara Rural Municipality
5,55,9,80105315,Mayadevi Rural Municipality (Kapilvastu)
5,55,10,80105318,Shuddhodhan Rural Municipality
5,56,1,80105361,Banglachuli Rural Municipality
5,56,2,80105032,Ghorahi Sub-Metropolitan City
5,56,3,80105033,Tulsipur Sub-Metropolitan City
5,56,4,80105365,Shantinagar Rural Municipality
5,56,5,80105362,Babai Rural Municipality
5,56,6,80105360,Dangisharan Rural Municipality
5,56,7,80105125,Lamahi Municipality
5,56,8,80105364,Rapti Rural Municipality
5,56,9,80105359,Gadawa Rural Municipality
5,56,10,80105363,Rajpur Rural Municipality
5,57,1,80105371,Raptisonari Rural Municipality
5,57,2,80105126,Kohalpur Municipality
5,57,3,80105370,Baijanath Rural Municipality
5,57,4,80105366,Khajura Rural Municipality
5,57,5,80105367,Janaki Rural Municipality
5,57,6,80105034,Nepalgunj Sub-Metropolitan City
5,57,7,80105368,Duduwa Rural Municipality
5,57,8,80105369,Narainapur Rural Municipality
5,58,1,80105129,Bansgadhi Municipality
5,58,2,80105132,Barbardiya Municipality
5,58,3,80105128,Thakurbaba Municipality
5,58,4,80105372,Geruwa Rural Municipality
5,58,5,80105131,Rajapur Municipality
5,58,6,80105130,Madhuwan Municipality
5,58,7,80105127,Gulariya Municipality
5,58,8,80105373,Badhaiyatal Rural Municipality
6,59,1,80106307,Dolpo Buddha Rural Municipality
6,59,2,80106309,Shey Phoksundo Rural Municipality
6,59,3,80106306,Jagadulla Rural Municipality
6,59,4,80106308,Mudkechula Rural Municipality
6,59,5,80106103,Tripurasundari Municipality
6,59,6,80106102,Thuli Bheri Municipality
6,59,7,80106304,Kaike Rural Municipality
6,59,8,80106305,Chharka Tangsong Rural Municipality
6,60,1,80106302,Mugum Karmarong Rural Municipality
6,60,2,80106101,Chhayanath Rara Municipality
6,60,3,80106303,Soru Rural Municipality
6,60,4,80106301,Khatyad Rural Municipality
6,61,1,80106312,Chankheli Rural Municipality
6,61,2,80106311,Kharpunath Rural Municipality
6,61,3,80106316,Simkot Rural Municipality
6,61,4,80106314,Namkha Rural Municipality
6,61,5,80106315,Sarkegad Rural Municipality
6,61,6,80106310,Adanchuli Rural Municipality
6,61,7,80106313,Tanjakot Rural Municipality
6,62,1,80106321,Patarasi Rural Municipality
6,62,2,80106317,Kanakasundari Rural Municipality
6,62,3,80106322,Sinja Rural Municipality
6,62,4,80106104,Chandannath Municipality
6,62,5,80106318,Guthichaur Rural Municipality
6,62,6,80106319,Tatopani Rural Municipality
6,62,7,80106320,Tila Rural Municipality
6,62,8,80106323,Hima Rural Municipality
6,63,1,80106327,Palata Rural Municipality
6,63,2,80106326,Pachaljharana Rural Municipality
6,63,3,80106107,Raskot Municipality
6,63,4,80106329,Sanni Triveni Rural Municipality
6,63,5,80106325,Naraharinath Rural Municipality
6,63,6,80106105,Khandachakra Municipality
6,63,7,80106106,Tilagufa Municipality
6,63,8,80106328,Mahawai Rural Municipality
6,63,9,80106324,Shubha Kalika Rural Municipality
6,64,1,80106351,Naumule Rural Municipality
6,64,2,80106354,Mahabu Rural Municipality
6,64,3,80106353,Bhairavi Rural Municipality
6,64,4,80106349,Thantikandh Rural Municipality
6,64,5,80106122,Aathabis Municipality
6,64,6,80106123,Chamunda Bindrasaini Municipality
6,64,7,80106124,Dullu Municipality
6,64,8,80106125,Narayan Municipality
6,64,9,80106352,Bhagawatimai Rural Municipality
6,64,10,80106350,Dungeshwar Rural Municipality
6,64,11,80106348,Gurans Rural Municipality
6,65,1,80106346,Barekot Rural Municipality
6,65,2,80106344,Kuse Rural Municipality
6,65,3,80106345,Junichande Rural Municipality
6,65,4,80106119,Chhedagad Municipality
6,65,5,80106347,Shivalaya Rural Municipality
6,65,6,80106121,Bheri Municipality
6,65,7,80106120,Nalgad Municipality
6,66,1,80106108,Aathbiskot Municipality
6,66,2,80106332,Sanibheri Rural Municipality
6,66,3,80106331,Banfikot Rural Municipality
6,66,4,80106110,Musikot Municipality
6,66,5,80106330,Triveni Rural Municipality
6,66,6,80106109,Chaurjahari Municipality
6,67,1,80106339,Darma Rural Municipality
6,67,2,80106335,Kumakh Rural Municipality
6,67,3,80106112,Bangad Kupinde Municipality
6,67,4,80106337,Siddha Kumakh Rural Municipality
6,67,5,80106111,Bagchaur Municipality
6,67,6,80106336,Chhatreshwari Rural Municipality
6,67,7,80106113,Sharada Municipality
6,67,8,80106334,Kalimati Rural Municipality
6,67,9,80106338,Triveni Rural Municipality
6,67,10,80106333,Kapurkot Rural Municipality
6,68,1,80106343,Simta Rural Municipality
6,68,2,80106340,Chingad Rural Municipality
6,68,3,80106117,Lekbesi Municipality
6,68,4,80106114,Gurbhakot Municipality
6,68,5,80106116,Bheriganga Municipality
6,68,6,80106118,Birendranagar Municipality
6,68,7,80106342,Barahtal Rural Municipality
6,68,8,80106115,Panchapuri Municipality
6,68,9,80106341,Chaukune Rural Municipality
7,69,1,80107324,Himali Rural Municipality
7,69,2,80107320,Gaumul Rural Municipality
7,69,3,80107116,Budhinanda Municipality
7,69,4,80107323,Swamikartik Khapar Rural Municipality
7,69,5,80107322,Jagannath Rural Municipality
7,69,6,80107114,Badimalika Municipality
7,69,7,80107321,Chhededaha Rural Municipality
7,69,8,80107115,Budhiganga Municipality
7,69,9,80107113,Triveni Municipality
7,70,1,80107325,Saipal Rural Municipality
7,70,2,80107118,Bungal Municipality
7,70,3,80107334,Surma Rural Municipality
7,70,4,80107329,Talkot Rural Municipality
7,70,5,80107332,Masta Rural Municipality
7,70,6,80107117,Jayaprithvi Municipality
7,70,7,80107328,Chabispathivera Rural Municipality
7,70,8,80107331,Durgathali Rural Municipality
7,70,9,80107326,Kedarsyu Rural Municipality
7,70,10,80107333,Bitthadchir Rural Municipality
7,70,11,80107330,Thalara Rural Municipality
7,70,12,80107327,Khaptad Chhanna Rural Municipality
7,71,1,80107338,Byas Rural Municipality
7,71,2,80107336,Duhu Rural Municipality
7,71,3,80107119,Mahakali Municipality
7,71,4,80107337,Naugad Rural Municipality
7,71,5,80107335,Apihimal Rural Municipality
7,71,6,80107339,Marma Rural Municipality
7,71,7,80107120,Shailyashikhar Municipality
7,71,8,80107340,Malikarjun Rural Municipality
7,71,9,80107341,Lekam Rural Municipality
7,72,1,80107342,Dilasaini Rural Municipality
7,72,2,80107343,Dogadakedar Rural Municipality
7,72,3,80107123,Purchaudi Municipality
7,72,4,80107347,Surnaya Rural Municipality
7,72,5,80107121,Dasharathchand Municipality
7,72,6,80107344,Pancheshwar Rural Municipality
7,72,7,80107345,Shivanath Rural Municipality
7,72,8,80107124,Melauli Municipality
7,72,9,80107122,Patan Municipality
7,72,10,80107346,Sigas Rural Municipality
7,73,1,80107351,Navadurga Rural Municipality
7,73,2,80107125,Amargadhi Municipality
7,73,3,80107348,Ajayameru Rural Municipality
7,73,4,80107352,Bhageshwar Rural Municipality
7,73,5,80107126,Parashuram Municipality
7,73,6,80107349,Aalital Rural Municipality
7,73,7,80107350,Ganyapdhura Rural Municipality
7,74,1,80107310,Purbichauki Rural Municipality
7,74,2,80107313,Sayal Rural Municipality
7,74,3,80107307,Adarsha Rural Municipality
7,74,4,80107108,Shikhar Municipality
7,74,5,80107107,Dipayal Silgadhi Municipality
7,74,6,80107308,K.I. Singh Rural Municipality
7,74,7,80107312,Bogatan Phusil Rural Municipality
7,74,8,80107311,Badikedar Rural Municipality
7,74,9,80107309,Jorayal Rural Municipality
7,75,1,80107110,Panchadeval Binayak Municipality
7,75,2,80107319,Ramaroshan Rural Municipality
7,75,3,80107318,Mellekh Rural Municipality
7,75,4,80107112,Sanphebagar Municipality
7,75,5,80107314,Chaurpati Rural Municipality
7,75,6,80107111,Mangalsen Municipality
7,75,7,80107317,Bannigadhi Jayagadh Rural Municipality
7,75,8,80107109,Kamalbazar Municipality
7,75,9,80107315,Dhakari Rural Municipality
7,75,10,80107316,Turmakhand Rural Municipality
7,76,1,80107306,Mohanyal Rural Municipality
7,76,2,80107302,Chure Rural Municipality
7,76,3,80107101,Godawari Municipality
7,76,4,80107102,Gauriganga Municipality
7,76,5,80107103,Ghodaghodi Municipality
7,76,6,80107305,Bardagoriya Rural Municipality
7,76,7,80107106,Lamkichuha Municipality
7,76,8,80107303,Janaki Rural Municipality
7,76,9,80107304,Joshipur Rural Municipality
7,76,10,80107104,Tikapur Municipality
7,76,11,80107105,Bhajani Municipality
7,76,12,80107301,Kailari Rural Municipality
7,76,13,80107031,Dhangadhi Sub-Metropolitan City
7,77,1,80107127,Krishnapur Municipality
7,77,2,80107133,Shuklaphanta Municipality
7,77,3,80107129,Bedkot Municipality
7,77,4,80107131,Bhimdatta Municipality
7,77,5,80107132,Mahakali (Dodhara Chandani) Municipality
7,77,6,80107354,Laljhadi Rural Municipality
7,77,7,80107128,Punarbas Municipality
7,77,8,80107130,Belauri Municipality
7,77,9,80107353,Beldandi Rural Municipality
